Fidelity,MAE,RMSE,R2
HSE,1.520159780087036,1.7740770893175875,0.20426080164463567
GGA,0.6960996223435426,0.9180125415531966,0.005243859032924569
