mean,std
0.9782538203686211,1.5448967822119717
