Fidelity,MAE,RMSE,R2
pbe,0.6161324353078171,0.9957342219856411,0.554753309826888
scan,0.9782770495321191,1.7750904587058682,0.3425114348272158
gllb-sc,1.5536024093996172,2.0826538633855947,0.3766904859155047
hse,1.0577653749274623,1.4864508837041617,0.5536339529184074
expt,0.6979708301268442,1.0344285682975418,0.5028690524526553
