Fidelity,MAE,RMSE,R2
pbe,0.6205033587806899,0.9089005770449617,0.7082502485641016
scan,0.7170678277248375,1.539071705462671,0.5057292446381403
gllb-sc,1.0519042670381338,1.4153173097230374,0.7121427299217042
hse,0.78544958287863,1.2291014143421548,0.694813393512191
expt,0.5797782330159732,0.972119990210081,0.5609544819516142
