Fidelity,MAE,RMSE,R2
GGA,0.29542623294985776,0.61067184429277,0.8305942307624694
GGAU,0.5773310265760436,0.7939556851576638,0.5724369360038668
SCAN,0.19105069010585468,0.4172574281169547,0.9108735856659281
GLLBSC,0.6425744236614143,0.8360062133840257,0.9103358663702765
HSE,0.501031256469529,0.7070962354406968,0.789507016546989
EXPT,0.39775467443901796,0.788564280120022,0.7111023652625164
